Adult (15) literacy rate;1975;1976;1977;1978;1979;1980;1981;1982;1983;1984;1985;1986;1987;1988;1989;1990;1991;1992;1993;1994;1995;1996;1997;1998;1999;2000;2001;2002;2003;2004;2005;2006;2007;2008;2009;2010;2011
Afghanistan;-1;-1;-1;-1;18.15768113;-1;-1;-1;-1;-1;-1;-1;-1;-1;-1;-1;-1;-1;-1;-1;-1;-1;-1;-1;-1;-1;-1;-1;-1;-1;-1;-1;-1;-1;-1;-1;39
Albania;-1;-1;-1;-1;-1;-1;-1;-1;-1;-1;-1;-1;-1;-1;-1;-1;-1;-1;-1;-1;-1;-1;-1;-1;-1;-1;98.71297808;-1;-1;-1;-1;-1;-1;95.93863978;-1;-1;96.84529915
Algeria;-1;-1;-1;-1;-1;-1;-1;-1;-1;-1;-1;-1;49.63088483;-1;-1;-1;-1;-1;-1;-1;-1;-1;-1;-1;-1;-1;-1;69.87350044;-1;-1;-1;72.64867917;-1;-1;-1;-1;73.1
Andorra;-1;-1;-1;-1;-1;-1;-1;-1;-1;-1;-1;-1;-1;-1;-1;-1;-1;-1;-1;-1;-1;-1;-1;-1;-1;-1;-1;-1;-1;-1;-1;-1;-1;-1;-1;-1;99.0
Angola;-1;-1;-1;-1;-1;-1;-1;-1;-1;-1;-1;-1;-1;-1;-1;-1;-1;-1;-1;-1;-1;-1;-1;-1;-1;-1;67.40541604;-1;-1;-1;-1;-1;-1;-1;-1;-1;70.36242
Anguilla;-1;-1;-1;-1;-1;-1;-1;-1;-1;95.40709812;-1;-1;-1;-1;-1;-1;-1;-1;-1;-1;-1;-1;-1;-1;-1;-1;-1;-1;-1;-1;-1;-1;-1;-1;-1;-1;-1
Antigua and Barbuda;-1;-1;-1;-1;-1;-1;-1;-1;-1;-1;-1;-1;-1;-1;-1;-1;-1;-1;-1;-1;-1;-1;-1;-1;-1;-1;98.95;-1;-1;-1;-1;-1;-1;-1;-1;-1;98.95
Argentina;-1;-1;-1;-1;-1;93.91285971;-1;-1;-1;-1;-1;-1;-1;-1;-1;-1;96.12819586;-1;-1;-1;-1;-1;-1;-1;-1;-1;97.19331158;-1;-1;-1;-1;-1;-1;-1;-1;-1;97.85877
Armenia;-1;-1;-1;-1;-1;-1;-1;-1;-1;-1;-1;-1;-1;-1;98.75196493;-1;-1;-1;-1;-1;-1;-1;-1;-1;-1;-1;99.40015652;-1;-1;-1;-1;-1;-1;-1;-1;-1;99.56817
Aruba;-1;-1;-1;-1;-1;-1;-1;-1;-1;-1;-1;-1;-1;-1;-1;-1;-1;-1;-1;-1;-1;-1;-1;-1;-1;97.29125212;-1;-1;-1;-1;-1;-1;-1;-1;-1;96.82264009;96.82264009
Australia;-1;-1;-1;-1;-1;-1;-1;-1;-1;-1;-1;-1;-1;-1;-1;-1;-1;-1;-1;-1;-1;-1;-1;-1;-1;-1;-1;-1;-1;-1;-1;-1;-1;-1;-1;-1;96.0
Austria;-1;-1;-1;-1;-1;-1;-1;-1;-1;-1;-1;-1;-1;-1;-1;-1;-1;-1;-1;-1;-1;-1;-1;-1;-1;-1;-1;-1;-1;-1;-1;-1;-1;-1;-1;-1;98.0
Azerbaijan;-1;-1;-1;-1;-1;-1;-1;-1;-1;-1;-1;-1;-1;-1;-1;-1;-1;-1;-1;-1;-1;-1;-1;-1;98.7918027;-1;-1;-1;-1;-1;-1;-1;99.6019062;-1;99.75984067;-1;99.75984067
Bahamas;-1;-1;-1;-1;-1;-1;-1;-1;-1;-1;-1;-1;-1;-1;-1;-1;-1;-1;-1;-1;-1;-1;-1;-1;-1;-1;-1;-1;-1;-1;-1;-1;-1;-1;-1;-1;-1
Bahrain;-1;-1;-1;-1;-1;-1;69.75351409;-1;-1;-1;-1;-1;-1;-1;-1;-1;84.01382963;-1;-1;-1;-1;-1;-1;-1;-1;-1;86.54874423;-1;-1;-1;-1;-1;-1;-1;-1;94.5567918;94.5567918
Bangladesh;-1;-1;-1;-1;-1;-1;29.22723268;-1;-1;-1;-1;-1;-1;-1;-1;-1;35.31929562;-1;-1;-1;-1;-1;-1;-1;-1;-1;47.4855001;-1;-1;-1;-1;-1;-1;-1;-1;-1;57.73479
Barbados;-1;-1;-1;-1;-1;-1;-1;-1;-1;-1;-1;-1;-1;-1;-1;-1;-1;-1;-1;-1;-1;-1;-1;-1;-1;-1;-1;-1;-1;-1;-1;-1;-1;-1;-1;-1;-1
Belarus;-1;-1;-1;-1;-1;-1;-1;-1;-1;-1;-1;-1;-1;-1;97.88337215;-1;-1;-1;-1;-1;-1;-1;-1;-1;99.59073243;-1;-1;-1;-1;-1;-1;-1;-1;-1;99.6170606;-1;99.6170606
Belgium;-1;-1;-1;-1;-1;-1;-1;-1;-1;-1;-1;-1;-1;-1;-1;-1;-1;-1;-1;-1;-1;-1;-1;-1;-1;-1;-1;-1;-1;-1;-1;-1;-1;-1;-1;-1;99.0
Belize;-1;-1;-1;-1;-1;-1;-1;-1;-1;-1;-1;-1;-1;-1;-1;-1;70.29842264;-1;-1;-1;-1;-1;-1;-1;-1;-1;-1;-1;-1;-1;-1;-1;-1;-1;-1;-1;70.29842264
Benin;-1;-1;-1;-1;16.4827945;-1;-1;-1;-1;-1;-1;-1;-1;-1;-1;-1;-1;27.24525033;-1;-1;-1;-1;-1;-1;-1;-1;-1;34.65784677;-1;-1;-1;28.70211145;-1;-1;-1;-1;28.7
Bermuda;-1;-1;-1;-1;-1;-1;-1;-1;-1;-1;-1;-1;-1;-1;-1;-1;-1;-1;-1;-1;-1;-1;-1;-1;-1;-1;-1;-1;-1;-1;-1;-1;-1;-1;-1;-1;98.0
Bhutan;-1;-1;-1;-1;-1;-1;-1;-1;-1;-1;-1;-1;-1;-1;-1;-1;-1;-1;-1;-1;-1;-1;-1;-1;-1;-1;-1;-1;-1;-1;52.81469107;-1;-1;-1;-1;-1;52.81469107
Bolivia;-1;63.20814916;-1;-1;-1;-1;-1;-1;-1;-1;-1;-1;-1;-1;-1;-1;-1;79.99177478;-1;-1;-1;-1;-1;-1;-1;-1;86.72366662;-1;-1;-1;-1;-1;90.74346987;90.69810562;91.16782546;-1;91.16782546
Bosnia and Herzegovina;-1;-1;-1;-1;-1;-1;-1;-1;-1;-1;-1;-1;-1;-1;-1;-1;-1;-1;-1;-1;-1;-1;-1;-1;-1;96.66309845;-1;-1;-1;-1;-1;-1;-1;-1;-1;-1;98.00262
Botswana;-1;-1;-1;-1;-1;-1;-1;-1;-1;-1;-1;-1;-1;-1;-1;-1;68.58090873;-1;-1;-1;-1;-1;-1;-1;-1;-1;-1;-1;81.18870975;-1;-1;-1;-1;-1;-1;-1;85.09085
Brazil;-1;-1;-1;-1;-1;74.58672844;-1;-1;-1;-1;-1;-1;-1;-1;-1;-1;-1;-1;-1;-1;-1;-1;-1;-1;-1;86.36787962;-1;-1;-1;88.61624253;-1;89.615227;90.00936956;90.03661994;90.29820984;90.37917744;90.37917744
British Virgin Islands;-1;-1;-1;-1;-1;-1;-1;-1;-1;-1;-1;-1;-1;-1;-1;-1;-1;-1;-1;-1;-1;-1;-1;-1;-1;-1;-1;-1;-1;-1;-1;-1;-1;-1;-1;-1;-1
Brunei;-1;-1;-1;-1;-1;-1;77.83421219;-1;-1;-1;-1;-1;-1;-1;-1;-1;87.80417761;-1;-1;-1;-1;-1;-1;-1;-1;-1;92.67112774;-1;-1;-1;-1;-1;-1;-1;-1;-1;95.447
Bulgaria;-1;-1;-1;-1;-1;-1;-1;-1;-1;-1;-1;-1;-1;-1;-1;-1;-1;-1;-1;-1;-1;-1;-1;-1;-1;-1;98.20355577;-1;-1;-1;-1;-1;-1;-1;-1;-1;98.35244811
Burkina Faso;8.685145441;-1;-1;-1;-1;-1;-1;-1;-1;-1;-1;-1;-1;-1;-1;-1;13.56923196;-1;-1;-1;-1;12.84816893;-1;-1;-1;-1;-1;-1;21.82291624;-1;23.55371812;-1;28.7292136;-1;-1;-1;28.7292136
Burundi;-1;-1;-1;-1;22.50855076;-1;-1;-1;-1;-1;-1;-1;-1;-1;-1;37.38472344;-1;-1;-1;-1;-1;-1;-1;-1;-1;59.30362117;-1;-1;-1;-1;-1;-1;-1;86.94787038;-1;-1;86.94787038
Cambodia;-1;-1;-1;-1;-1;-1;-1;-1;-1;-1;-1;-1;-1;-1;-1;-1;-1;-1;-1;-1;-1;-1;-1;67.33502956;-1;-1;-1;-1;-1;73.60995477;-1;-1;-1;77.58654273;73.90002557;-1;-1
Cameroon;-1;41.21621117;-1;-1;-1;-1;-1;-1;-1;-1;-1;-1;-1;-1;-1;-1;-1;-1;-1;-1;-1;-1;-1;-1;-1;68.40915939;-1;-1;-1;-1;-1;-1;70.6799378;-1;-1;71.29050773;71.29050773
Canada;-1;-1;-1;-1;-1;-1;-1;-1;-1;-1;-1;-1;-1;-1;-1;-1;-1;-1;-1;-1;-1;-1;-1;-1;-1;-1;-1;-1;-1;-1;-1;-1;-1;-1;-1;-1;99.0
Cape Verde;-1;-1;-1;-1;-1;-1;-1;-1;-1;-1;-1;-1;-1;-1;-1;62.79685904;-1;-1;-1;-1;-1;-1;-1;-1;-1;-1;-1;-1;-1;79.99211;-1;-1;-1;-1;-1;-1;84.93627
Cayman Islands;-1;-1;-1;-1;-1;-1;-1;-1;-1;-1;-1;-1;-1;-1;-1;-1;-1;-1;-1;-1;-1;-1;-1;-1;-1;-1;-1;-1;-1;-1;-1;-1;98.86782324;-1;-1;-1;98.86782324
Central African Rep.;18.2361715;-1;-1;-1;-1;-1;-1;-1;-1;-1;-1;-1;-1;33.62442222;-1;-1;-1;-1;-1;-1;-1;-1;-1;-1;-1;50.64516882;-1;-1;-1;-1;-1;-1;-1;-1;-1;-1;56.613
Chad;-1;-1;-1;-1;-1;-1;-1;-1;-1;-1;-1;-1;-1;-1;-1;-1;-1;-1;10.89465314;-1;-1;-1;-1;-1;-1;25.65421488;-1;-1;-1;28.3814337;-1;-1;-1;-1;-1;-1;35.39147
Chile;-1;-1;-1;-1;-1;-1;-1;91.12840373;-1;-1;-1;-1;-1;-1;-1;-1;-1;94.2911368;-1;-1;-1;-1;-1;-1;-1;-1;-1;95.71662423;-1;-1;-1;-1;-1;98.64900802;98.55367609;-1;98.55367609
China;-1;-1;-1;-1;-1;-1;-1;65.50508573;-1;-1;-1;-1;-1;-1;-1;77.78505864;-1;-1;-1;-1;-1;-1;-1;-1;-1;90.92021038;-1;-1;-1;-1;-1;-1;-1;-1;-1;95.12447711;95.12447711
Colombia;-1;-1;-1;-1;-1;-1;-1;-1;-1;-1;-1;-1;-1;-1;-1;-1;-1;-1;81.37555447;-1;-1;91.20716186;-1;-1;-1;-1;-1;-1;-1;92.80377655;92.84866221;92.29967872;92.65179431;93.37817637;93.24468643;93.37232869;93.58053364
Comoros;-1;-1;-1;-1;-1;47.91923316;-1;-1;-1;-1;-1;-1;-1;-1;-1;-1;-1;-1;-1;-1;-1;-1;-1;-1;-1;68.48923434;-1;-1;-1;-1;-1;-1;-1;-1;-1;-1;75.53978
Congo. Dem. Rep.;-1;-1;-1;-1;-1;-1;-1;-1;-1;-1;-1;-1;-1;-1;-1;-1;-1;-1;-1;-1;-1;-1;-1;-1;-1;-1;67.17298971;-1;-1;-1;-1;-1;61.20554525;-1;-1;-1;61.20554525
Congo. Rep.;-1;-1;-1;-1;-1;-1;-1;-1;-1;-1;-1;-1;-1;-1;-1;-1;-1;-1;-1;-1;-1;-1;-1;-1;-1;-1;-1;-1;-1;-1;-1;-1;-1;-1;-1;-1;-1
Cook Islands;-1;-1;-1;-1;-1;-1;-1;-1;-1;-1;-1;-1;-1;-1;-1;-1;-1;-1;-1;-1;-1;-1;-1;-1;-1;-1;-1;-1;-1;-1;-1;-1;-1;-1;-1;-1;-1
Costa Rica;-1;-1;-1;-1;-1;-1;-1;-1;-1;92.62904202;-1;-1;-1;-1;-1;-1;-1;-1;-1;-1;-1;-1;-1;-1;-1;94.86818706;-1;-1;-1;-1;-1;-1;-1;-1;-1;-1;96.25802
Cote d'Ivoire;-1;-1;-1;-1;-1;-1;-1;-1;-1;-1;-1;-1;-1;34.13927836;-1;-1;-1;-1;-1;-1;-1;-1;-1;36.35024201;-1;48.740762;-1;-1;-1;-1;-1;-1;-1;-1;-1;-1;56.86751
Croatia;-1;-1;-1;-1;-1;-1;-1;-1;-1;-1;-1;-1;-1;-1;-1;-1;96.70154796;-1;-1;-1;-1;-1;-1;-1;-1;-1;98.14667839;-1;-1;-1;-1;-1;-1;-1;-1;-1;98.8807
Cuba;-1;-1;-1;-1;-1;-1;97.84665042;-1;-1;-1;-1;-1;-1;-1;-1;-1;-1;-1;-1;-1;-1;-1;-1;-1;-1;-1;-1;99.79907436;-1;-1;-1;-1;-1;-1;-1;-1;99.83425
Cyprus;-1;-1;-1;-1;-1;-1;-1;-1;-1;-1;-1;-1;-1;-1;-1;-1;-1;94.3624702;-1;-1;-1;-1;-1;-1;-1;-1;96.80363091;-1;-1;-1;-1;-1;-1;-1;-1;-1;98.67842555
Czech Rep.;-1;-1;-1;-1;-1;-1;-1;-1;-1;-1;-1;-1;-1;-1;-1;-1;-1;-1;-1;-1;-1;-1;-1;-1;-1;-1;-1;-1;-1;-1;-1;-1;-1;-1;-1;-1;99.0
Denmark;-1;-1;-1;-1;-1;-1;-1;-1;-1;-1;-1;-1;-1;-1;-1;-1;-1;-1;-1;-1;-1;-1;-1;-1;-1;-1;-1;-1;-1;-1;-1;-1;-1;-1;-1;-1;99.0
Djibouti;-1;-1;-1;-1;-1;-1;-1;-1;-1;-1;-1;-1;-1;-1;-1;-1;-1;-1;-1;-1;-1;-1;-1;-1;-1;-1;-1;-1;-1;-1;-1;-1;-1;-1;-1;-1;67.9
Dominica;-1;-1;-1;-1;-1;-1;-1;-1;-1;-1;-1;-1;-1;-1;-1;-1;-1;-1;-1;-1;-1;-1;-1;-1;-1;-1;-1;-1;-1;-1;-1;-1;-1;-1;-1;-1;-1
Dominican Rep.;-1;-1;-1;-1;-1;-1;73.06456854;-1;-1;-1;-1;-1;-1;-1;-1;-1;-1;-1;-1;-1;-1;-1;-1;-1;-1;-1;-1;86.99646746;-1;-1;-1;-1;88.2444613;-1;-1;89.53873319;90.10626788
Ecuador;-1;-1;-1;-1;-1;-1;-1;83.55268606;-1;-1;-1;-1;-1;-1;-1;88.29876298;-1;-1;-1;-1;-1;-1;-1;-1;-1;-1;90.9840256;-1;-1;-1;-1;-1;84.19272288;-1;84.20696478;91.85404065;91.58689849
Egypt;-1;38.19676456;-1;-1;-1;-1;-1;-1;-1;-1;-1;44.42399332;-1;-1;-1;-1;-1;-1;-1;-1;-1;55.58699669;-1;-1;-1;-1;-1;-1;-1;-1;71.40886361;66.36990704;-1;-1;-1;72.04785265;72.95671945
El Salvador;-1;-1;-1;-1;-1;-1;-1;-1;-1;-1;-1;-1;-1;-1;-1;-1;-1;74.14316182;-1;-1;-1;-1;-1;-1;-1;-1;-1;-1;-1;79.82584;-1;83.55945767;82.02863414;83.95130498;84.10288775;84.4927239;-1
Equatorial Guinea;-1;-1;-1;-1;-1;-1;-1;-1;-1;-1;-1;-1;-1;-1;-1;-1;-1;-1;-1;-1;-1;-1;-1;-1;-1;88.30830111;-1;-1;-1;-1;-1;-1;-1;-1;-1;-1;94.22589
Eritrea;-1;-1;-1;-1;-1;-1;-1;-1;-1;-1;-1;-1;-1;-1;-1;-1;-1;-1;-1;-1;-1;-1;-1;-1;-1;-1;-1;52.51395125;-1;-1;-1;-1;-1;-1;-1;-1;68.93744
Estonia;-1;-1;-1;-1;-1;-1;-1;-1;-1;-1;-1;-1;-1;-1;99.72644075;-1;-1;-1;-1;-1;-1;-1;-1;-1;-1;99.76719592;-1;-1;-1;-1;-1;-1;-1;-1;-1;-1;99.79689
Ethiopia;-1;-1;-1;-1;-1;-1;-1;-1;-1;-1;-1;-1;-1;-1;-1;-1;-1;-1;-1;27.01135531;-1;-1;-1;-1;-1;-1;-1;-1;-1;35.9;29.82033796;-1;38.99598154;-1;-1;-1;38.99598154
Fiji;-1;-1;-1;-1;-1;-1;-1;-1;-1;-1;-1;-1;-1;-1;-1;-1;-1;-1;-1;-1;-1;-1;-1;-1;-1;-1;-1;-1;-1;-1;-1;-1;-1;-1;-1;-1;93.7
Finland;-1;-1;-1;-1;-1;-1;-1;-1;-1;-1;-1;-1;-1;-1;-1;-1;-1;-1;-1;-1;-1;-1;-1;-1;-1;-1;-1;-1;-1;-1;-1;-1;-1;-1;-1;-1;99.8
France;-1;-1;-1;-1;-1;-1;-1;-1;-1;-1;-1;-1;-1;-1;-1;-1;-1;-1;-1;-1;-1;-1;-1;-1;-1;-1;-1;-1;-1;-1;-1;-1;-1;-1;-1;-1;99.0
Gabon;-1;-1;-1;-1;-1;-1;-1;-1;-1;-1;-1;-1;-1;-1;-1;-1;-1;-1;72.23367189;-1;-1;-1;-1;-1;-1;-1;-1;-1;-1;83.80069;-1;-1;-1;-1;-1;-1;88.98886
Gambia;-1;-1;-1;-1;-1;-1;-1;-1;-1;-1;-1;-1;-1;-1;-1;-1;-1;-1;-1;-1;-1;-1;-1;-1;-1;36.81772659;-1;-1;-1;-1;-1;-1;-1;-1;-1;-1;51.10727
Georgia;-1;-1;-1;-1;-1;-1;-1;-1;-1;-1;-1;-1;-1;-1;-1;-1;-1;-1;-1;-1;-1;-1;-1;-1;-1;-1;-1;99.65234895;-1;-1;-1;-1;-1;-1;-1;-1;99.73247
Germany;-1;-1;-1;-1;-1;-1;-1;-1;-1;-1;-1;-1;-1;-1;-1;-1;-1;-1;-1;-1;-1;-1;-1;-1;-1;-1;-1;-1;-1;-1;-1;-1;-1;-1;-1;-1;99.0
Ghana;-1;-1;-1;-1;-1;-1;-1;-1;-1;-1;-1;-1;-1;-1;-1;-1;-1;-1;-1;-1;-1;-1;-1;-1;-1;57.89747287;-1;-1;-1;-1;-1;-1;-1;-1;-1;71.49707481;71.49707481
Gibraltar;-1;-1;-1;-1;-1;-1;-1;-1;-1;-1;-1;-1;-1;-1;-1;-1;-1;-1;-1;-1;-1;-1;-1;-1;-1;-1;-1;-1;-1;-1;-1;-1;-1;-1;-1;-1;80.0
Greece;-1;-1;-1;-1;-1;-1;90.51232372;-1;-1;-1;-1;-1;-1;-1;-1;-1;92.61045144;-1;-1;-1;-1;-1;-1;-1;-1;-1;95.99435923;-1;-1;-1;-1;-1;-1;-1;-1;-1;97.3018
Grenada;-1;-1;-1;-1;-1;-1;-1;-1;-1;-1;-1;-1;-1;-1;-1;-1;-1;-1;-1;-1;-1;-1;-1;-1;-1;-1;-1;-1;-1;-1;-1;-1;-1;-1;-1;-1;-1
Guatemala;-1;-1;-1;-1;-1;-1;-1;-1;-1;-1;-1;-1;-1;-1;-1;-1;-1;-1;-1;64.21164151;-1;-1;-1;-1;-1;-1;-1;69.10172764;-1;-1;-1;-1;-1;-1;-1;-1;75.85726
Guinea;-1;-1;-1;-1;-1;-1;-1;-1;-1;-1;-1;-1;-1;-1;-1;-1;-1;-1;-1;-1;-1;20.55374866;-1;-1;-1;-1;-1;-1;29.70401691;-1;-1;-1;-1;-1;-1;25.30774549;25.30774549
Guinea-Bissau;-1;-1;-1;-1;19.9582484;-1;-1;-1;-1;-1;-1;-1;-1;-1;-1;-1;-1;-1;-1;-1;-1;-1;-1;-1;-1;41.3577676;-1;-1;-1;-1;-1;-1;-1;-1;-1;-1;55.27518
Guyana;-1;-1;-1;-1;-1;-1;-1;-1;-1;-1;-1;-1;-1;-1;-1;-1;-1;-1;-1;-1;-1;-1;-1;-1;-1;-1;-1;-1;-1;-1;-1;-1;-1;-1;84.99401128;-1;84.99401128
Haiti;-1;-1;-1;-1;-1;-1;-1;34.73469247;-1;-1;-1;-1;-1;-1;-1;-1;-1;-1;-1;-1;-1;-1;-1;-1;-1;-1;-1;-1;58.74390334;-1;-1;48.68502206;-1;-1;-1;-1;48.68502206
Holy See;-1;-1;-1;-1;-1;-1;-1;-1;-1;-1;-1;-1;-1;-1;-1;-1;-1;-1;-1;-1;-1;-1;-1;-1;-1;-1;-1;-1;-1;-1;-1;-1;-1;-1;-1;-1;-1
Honduras;-1;-1;-1;-1;-1;-1;-1;-1;-1;-1;-1;-1;-1;-1;-1;-1;-1;-1;-1;-1;-1;-1;-1;-1;-1;-1;80.01103176;-1;-1;-1;-1;-1;83.58899402;-1;-1;84.75536182;85.12331079
Hong Kong. China;-1;-1;-1;-1;-1;-1;-1;-1;-1;-1;-1;-1;-1;-1;-1;-1;-1;-1;-1;-1;-1;-1;-1;-1;-1;-1;-1;-1;-1;-1;-1;-1;-1;-1;-1;-1;-1
Hungary;-1;-1;-1;-1;-1;98.85828526;-1;-1;-1;-1;-1;-1;-1;-1;-1;-1;-1;-1;-1;98.98274;-1;-1;-1;-1;-1;-1;-1;-1;-1;99.02997;-1;-1;-1;-1;-1;-1;99.04719
Iceland;-1;-1;-1;-1;-1;-1;-1;-1;-1;-1;-1;-1;-1;-1;-1;-1;-1;-1;-1;-1;-1;-1;-1;-1;-1;-1;-1;-1;-1;-1;-1;-1;-1;-1;-1;-1;-1
India;-1;-1;-1;-1;-1;-1;40.76359022;-1;-1;-1;-1;-1;-1;-1;-1;-1;48.22207484;-1;-1;-1;-1;-1;-1;-1;-1;-1;61.01455637;-1;-1;-1;-1;62.75447457;-1;-1;-1;-1;62.75447457
Indonesia;-1;-1;-1;-1;-1;67.31267192;-1;-1;-1;-1;-1;-1;-1;-1;-1;81.51985243;-1;-1;-1;-1;-1;-1;-1;-1;-1;-1;-1;-1;-1;90.38478936;-1;91.98227127;-1;92.19230071;92.58169512;-1;92.81190757
Iran;-1;36.51840027;-1;-1;-1;-1;-1;-1;-1;-1;-1;52.31975542;-1;-1;-1;-1;65.53140002;-1;-1;-1;-1;73.06025471;-1;-1;-1;-1;-1;77;-1;-1;82.44119663;82.33131752;-1;85.01876698;-1;-1;85.01876698
Iraq;-1;-1;-1;-1;-1;-1;-1;-1;-1;-1;-1;-1;-1;-1;-1;-1;-1;-1;-1;-1;-1;-1;-1;-1;-1;74.05220113;-1;-1;-1;-1;-1;-1;-1;-1;-1;-1;78.48049
Ireland;-1;-1;-1;-1;-1;-1;-1;-1;-1;-1;-1;-1;-1;-1;-1;-1;-1;-1;-1;-1;-1;-1;-1;-1;-1;-1;-1;-1;-1;-1;-1;-1;-1;-1;-1;-1;99.0
Israel;-1;-1;-1;-1;-1;-1;-1;-1;91.75140848;-1;-1;-1;-1;-1;-1;-1;-1;-1;-1;-1;-1;-1;-1;-1;-1;-1;-1;-1;-1;-1;-1;-1;-1;-1;-1;-1;97.8
Italy;-1;-1;-1;-1;-1;-1;96.46054269;-1;-1;-1;-1;-1;-1;-1;-1;-1;-1;-1;-1;-1;-1;-1;-1;-1;-1;-1;98.41662205;-1;-1;-1;-1;-1;-1;-1;-1;-1;98.97965
Jamaica;-1;-1;-1;-1;-1;-1;-1;-1;-1;-1;-1;-1;-1;-1;-1;-1;-1;-1;-1;-1;-1;-1;-1;-1;79.9201233;-1;-1;-1;-1;-1;-1;-1;-1;-1;-1;-1;87.04274
Japan;-1;-1;-1;-1;-1;-1;-1;-1;-1;-1;-1;-1;-1;-1;-1;-1;-1;-1;-1;-1;-1;-1;-1;-1;-1;-1;-1;-1;-1;-1;-1;-1;-1;-1;-1;-1;-1
Jordan;-1;-1;-1;-1;66.79680827;-1;-1;-1;-1;-1;-1;-1;-1;-1;-1;-1;-1;-1;-1;-1;-1;-1;-1;-1;-1;-1;-1;-1;89.89232425;-1;91.13075164;-1;92.19957688;-1;-1;92.55104289;95.90445298
Kazakhstan;-1;-1;-1;-1;-1;-1;-1;-1;-1;-1;-1;-1;-1;-1;97.5293835;-1;-1;-1;-1;-1;-1;-1;-1;-1;99.51265808;-1;-1;-1;-1;-1;-1;-1;-1;-1;99.73241104;-1;99.73241104
Kenya;-1;-1;-1;-1;-1;-1;-1;-1;-1;-1;-1;-1;-1;-1;-1;-1;-1;-1;-1;-1;-1;-1;-1;-1;-1;82.22907531;-1;-1;-1;-1;-1;-1;72.15702816;-1;-1;-1;72.15702816
Kiribati;-1;-1;-1;-1;-1;-1;-1;-1;-1;-1;-1;-1;-1;-1;-1;-1;-1;-1;-1;-1;-1;-1;-1;-1;-1;-1;-1;-1;-1;-1;-1;-1;-1;-1;-1;-1;-1
Korea. Dem. Rep.;-1;-1;-1;-1;-1;-1;-1;-1;-1;-1;-1;-1;-1;-1;-1;-1;-1;-1;-1;-1;-1;-1;-1;-1;-1;-1;-1;-1;-1;-1;-1;-1;-1;99.99826243;-1;-1;99.99826243
Korea. Rep.;-1;-1;-1;-1;-1;-1;-1;-1;-1;-1;-1;-1;-1;-1;-1;-1;-1;-1;-1;-1;-1;-1;-1;-1;-1;-1;-1;-1;-1;-1;-1;-1;-1;-1;-1;-1;-1
Kuwait;59.5643924;-1;-1;-1;-1;67.5176582;-1;-1;-1;-1;74.49086751;-1;-1;-1;-1;-1;-1;-1;-1;-1;78.39550336;-1;-1;-1;-1;-1;-1;-1;-1;-1;93.27446435;93.28212289;93.66418515;93.90620595;-1;-1;-1
Kyrgyzstan;-1;-1;-1;-1;-1;-1;-1;-1;-1;-1;-1;-1;-1;-1;-1;-1;-1;-1;-1;-1;-1;-1;-1;-1;98.70161259;-1;-1;-1;-1;-1;-1;-1;-1;-1;99.24140488;-1;99.24140488
Laos;-1;-1;-1;-1;-1;-1;-1;-1;-1;-1;-1;-1;-1;-1;-1;-1;-1;-1;-1;-1;60.2513332;-1;-1;-1;-1;69.58311889;68.73439465;-1;-1;-1;72.7022592;-1;-1;-1;-1;-1;72.7022592
Latvia;-1;-1;-1;-1;-1;-1;-1;-1;-1;-1;-1;-1;-1;-1;99.45230035;-1;-1;-1;-1;-1;-1;-1;-1;-1;-1;99.74656994;-1;-1;-1;-1;-1;-1;-1;-1;-1;-1;99.78424
Lebanon;-1;-1;-1;-1;-1;-1;-1;-1;-1;-1;-1;-1;-1;-1;-1;-1;-1;-1;-1;-1;-1;-1;-1;-1;-1;-1;-1;-1;-1;-1;-1;-1;89.61243888;-1;-1;-1;-1
Lesotho;-1;-1;-1;-1;-1;-1;-1;-1;-1;-1;-1;-1;-1;-1;-1;-1;-1;-1;-1;-1;-1;-1;-1;-1;-1;86.25443487;-1;-1;-1;-1;-1;-1;-1;-1;75.80020232;-1;75.80020232
Liberia;-1;-1;-1;-1;-1;-1;-1;-1;-1;32.10676616;-1;-1;-1;-1;-1;-1;-1;-1;-1;43.46086;-1;-1;-1;-1;-1;-1;-1;-1;-1;54.77813;-1;-1;42.94108407;-1;-1;-1;42.94108407
Libya;-1;-1;-1;-1;-1;-1;-1;-1;-1;60.16439333;-1;-1;-1;-1;-1;-1;-1;-1;-1;77.21518;-1;-1;-1;-1;-1;-1;-1;-1;-1;86.11627;-1;-1;-1;-1;-1;-1;89.5361
Liechtenstein;-1;-1;-1;-1;-1;-1;-1;-1;-1;-1;-1;-1;-1;-1;-1;-1;-1;-1;-1;-1;-1;-1;-1;-1;-1;-1;-1;-1;-1;-1;-1;-1;-1;-1;-1;-1;-1
Lithuania;-1;-1;-1;-1;-1;-1;-1;-1;-1;-1;-1;-1;-1;-1;98.4412675;-1;-1;-1;-1;-1;-1;-1;-1;-1;-1;-1;99.64575347;-1;-1;-1;-1;-1;-1;-1;-1;-1;99.70355
Luxembourg;-1;-1;-1;-1;-1;-1;-1;-1;-1;-1;-1;-1;-1;-1;-1;-1;-1;-1;-1;-1;-1;-1;-1;-1;-1;-1;-1;-1;-1;-1;-1;-1;-1;-1;-1;-1;99.5
Macao. China;-1;-1;-1;-1;-1;-1;90.3781843;-1;-1;-1;-1;-1;-1;-1;-1;-1;-1;-1;-1;-1;-1;-1;-1;-1;-1;-1;91.29537204;-1;-1;-1;-1;93.49975453;-1;-1;-1;-1;95.64004085
Macedonia. FYR;-1;-1;-1;-1;-1;-1;-1;-1;-1;-1;-1;-1;-1;-1;-1;-1;-1;-1;-1;94.05874638;-1;-1;-1;-1;-1;-1;-1;96.12893276;-1;-1;-1;-1;-1;-1;-1;-1;97.3752
Madagascar;-1;-1;-1;-1;-1;-1;-1;-1;-1;-1;-1;-1;-1;-1;-1;-1;-1;-1;-1;-1;-1;-1;-1;-1;-1;70.68616958;-1;-1;-1;-1;-1;-1;-1;-1;64.48090564;-1;64.48090564
Malawi;-1;-1;-1;-1;-1;-1;-1;-1;-1;-1;-1;-1;48.53665373;-1;-1;-1;-1;-1;-1;-1;-1;-1;-1;64.13425114;-1;-1;-1;-1;-1;-1;-1;-1;-1;-1;-1;61.30972419;61.30972419
Malaysia;-1;-1;-1;-1;-1;69.5163325;-1;-1;-1;-1;-1;-1;-1;-1;-1;-1;82.91537125;-1;-1;-1;-1;-1;-1;-1;-1;88.68775716;-1;-1;-1;-1;-1;-1;-1;-1;-1;93.11788558;93.11788558
Maldives;-1;-1;82.29995515;-1;-1;-1;-1;-1;-1;-1;92.23005103;-1;-1;-1;-1;96.01825636;-1;-1;-1;-1;96.32649558;-1;-1;-1;-1;96.32649558;-1;-1;-1;-1;-1;98.39789794;-1;-1;-1;-1;98.39789794
Mali;-1;9.433807008;-1;-1;-1;-1;-1;-1;-1;-1;-1;-1;-1;-1;-1;-1;-1;-1;-1;-1;-1;-1;-1;19.04497166;-1;-1;-1;-1;24;-1;-1;26.17655464;-1;-1;-1;31.09975395;33.44121231
Malta;-1;-1;-1;-1;-1;-1;-1;-1;-1;-1;87.98217348;-1;-1;-1;-1;-1;-1;-1;-1;-1;87.86869664;-1;-1;-1;-1;-1;-1;-1;-1;-1;92.36309006;-1;-1;-1;-1;-1;92.36309006
Marshall Islands;-1;-1;-1;-1;-1;-1;-1;-1;-1;-1;-1;-1;-1;-1;-1;-1;-1;-1;-1;-1;-1;-1;-1;-1;-1;-1;-1;-1;-1;-1;-1;-1;-1;-1;-1;-1;-1
Mauritania;-1;-1;-1;-1;-1;-1;-1;-1;-1;-1;-1;-1;-1;-1;-1;-1;-1;-1;-1;-1;-1;-1;-1;-1;-1;51.20767798;-1;-1;-1;-1;-1;-1;-1;-1;-1;-1;58.61391
Mauritius;-1;-1;-1;-1;-1;-1;-1;-1;-1;-1;-1;-1;-1;-1;-1;79.86865973;-1;-1;-1;-1;-1;-1;-1;-1;-1;84.30308904;-1;-1;-1;-1;-1;-1;-1;-1;-1;-1;88.84715
Mexico;-1;-1;-1;-1;-1;82.98924182;-1;-1;-1;-1;-1;-1;-1;-1;-1;87.55615211;-1;-1;-1;-1;-1;-1;-1;-1;-1;90.53562478;-1;90.27465487;-1;90.95374472;91.63026578;91.73451979;92.79517345;92.92559652;93.44187884;93.06893868;93.51998478
Micronesia. Fed. Sts.;-1;-1;-1;-1;-1;-1;-1;-1;-1;-1;-1;-1;-1;-1;-1;-1;-1;-1;-1;-1;-1;-1;-1;-1;-1;-1;-1;-1;-1;-1;-1;-1;-1;-1;-1;-1;-1
Moldova;-1;-1;-1;-1;-1;-1;-1;-1;-1;-1;-1;-1;-1;-1;96.37754811;-1;-1;-1;-1;-1;-1;-1;-1;-1;-1;96.65379665;-1;-1;-1;-1;-1;-1;-1;-1;-1;-1;98.97083
Monaco;-1;-1;-1;-1;-1;-1;-1;-1;-1;-1;-1;-1;-1;-1;-1;-1;-1;-1;-1;-1;-1;-1;-1;-1;-1;-1;-1;-1;-1;-1;-1;-1;-1;-1;-1;-1;99.0
Mongolia;-1;-1;-1;-1;-1;-1;-1;-1;-1;-1;-1;-1;-1;-1;-1;-1;-1;-1;-1;-1;-1;-1;-1;-1;-1;97.7688517;-1;-1;-1;-1;-1;-1;-1;-1;-1;-1;97.35589
Montenegro;-1;-1;-1;-1;-1;-1;-1;-1;-1;-1;-1;-1;-1;-1;-1;-1;-1;-1;-1;-1;-1;-1;-1;-1;-1;-1;-1;-1;-1;-1;-1;-1;-1;-1;-1;-1;98.45932
Montserrat;-1;-1;-1;-1;-1;-1;-1;-1;-1;-1;-1;-1;-1;-1;-1;-1;-1;-1;-1;-1;-1;-1;-1;-1;-1;-1;-1;-1;-1;-1;-1;-1;-1;-1;-1;-1;-1
Morocco;-1;-1;-1;-1;-1;-1;-1;30.25780422;-1;-1;-1;-1;-1;-1;-1;-1;-1;-1;-1;41.59410541;-1;-1;-1;-1;-1;-1;-1;-1;-1;52.30625903;-1;-1;-1;55.14792003;56.08367213;-1;67.08416203
Mozambique;-1;-1;-1;-1;-1;27.1017784;-1;-1;-1;-1;-1;-1;-1;-1;-1;-1;-1;-1;-1;-1;-1;-1;38.70787656;-1;-1;-1;-1;-1;48.15883992;-1;-1;-1;-1;-1;50.58381136;-1;50.58381136
Myanmar;-1;-1;-1;-1;-1;-1;-1;-1;78.57041431;-1;-1;-1;-1;-1;-1;-1;-1;-1;-1;-1;-1;-1;-1;-1;-1;89.94176457;-1;-1;-1;-1;-1;-1;-1;-1;-1;-1;92.67915
Namibia;-1;-1;-1;-1;-1;-1;-1;-1;-1;-1;-1;-1;-1;-1;-1;-1;75.8165833;-1;-1;-1;-1;-1;-1;-1;-1;-1;85.04128186;-1;-1;-1;-1;-1;76.48659394;-1;-1;-1;76.48659394
Nauru;-1;-1;-1;-1;-1;-1;-1;-1;-1;-1;-1;-1;-1;-1;-1;-1;-1;-1;-1;-1;-1;-1;-1;-1;-1;-1;-1;-1;-1;-1;-1;-1;-1;-1;-1;-1;96.5
Nepal;-1;-1;-1;-1;-1;-1;20.5736734;-1;-1;-1;-1;-1;-1;-1;-1;-1;32.97558613;-1;-1;-1;-1;-1;-1;-1;-1;-1;48.60897151;-1;-1;-1;-1;-1;-1;-1;-1;-1;57.36910244
Netherlands;-1;-1;-1;-1;-1;-1;-1;-1;-1;-1;-1;-1;-1;-1;-1;-1;-1;-1;-1;-1;-1;-1;-1;-1;-1;-1;-1;-1;-1;-1;-1;-1;-1;-1;-1;-1;99.0
Netherlands Antilles;-1;-1;-1;-1;-1;-1;-1;-1;-1;-1;-1;-1;-1;-1;-1;-1;-1;95.10354766;-1;-1;-1;-1;-1;-1;-1;-1;-1;-1;-1;-1;-1;-1;-1;-1;-1;-1;96.54464
New Zealand;-1;-1;-1;-1;-1;-1;-1;-1;-1;-1;-1;-1;-1;-1;-1;-1;-1;-1;-1;-1;-1;-1;-1;-1;-1;-1;-1;-1;-1;-1;-1;-1;-1;-1;-1;-1;-1
Nicaragua;-1;-1;-1;-1;-1;-1;-1;-1;-1;-1;-1;-1;-1;-1;-1;-1;-1;-1;-1;-1;-1;-1;-1;-1;-1;-1;76.67712636;-1;-1;-1;78.00298018;-1;-1;-1;-1;-1;-1
Niger;-1;-1;-1;-1;-1;-1;-1;-1;-1;-1;-1;-1;-1;-1;-1;-1;-1;-1;-1;-1;-1;-1;-1;-1;-1;-1;9.391331152;-1;-1;-1;28.67242221;-1;-1;-1;-1;-1;-1
Nigeria;-1;-1;-1;-1;-1;-1;-1;-1;-1;-1;-1;-1;-1;-1;-1;-1;55.4467549;-1;-1;-1;-1;-1;-1;-1;-1;-1;-1;-1;54.77317856;-1;-1;-1;-1;51.07765836;-1;-1;-1
Niue;-1;-1;-1;-1;-1;-1;-1;-1;-1;-1;-1;-1;-1;-1;-1;-1;-1;-1;-1;-1;-1;-1;-1;-1;-1;-1;-1;-1;-1;-1;-1;-1;-1;-1;-1;-1;-1
Norway;-1;-1;-1;-1;-1;-1;-1;-1;-1;-1;-1;-1;-1;-1;-1;-1;-1;-1;-1;-1;-1;-1;-1;-1;-1;-1;-1;-1;-1;-1;-1;-1;-1;-1;-1;-1;-1
Oman;-1;-1;-1;-1;-1;-1;-1;-1;-1;-1;-1;-1;-1;-1;-1;-1;-1;-1;-1;-1;-1;-1;-1;-1;-1;-1;-1;-1;81.36331243;-1;-1;-1;-1;86.62114302;-1;86.9389984;86.9389984
Pakistan;-1;-1;-1;-1;-1;-1;25.72519295;-1;-1;-1;-1;-1;-1;-1;-1;-1;-1;-1;-1;-1;-1;-1;-1;42.69930972;-1;-1;-1;-1;-1;-1;49.87364482;54.1512107;-1;55.526367;54.89263615;-1;54.89263615
Palau;-1;-1;-1;-1;-1;91.92141563;-1;-1;-1;-1;-1;-1;-1;-1;-1;-1;-1;-1;-1;-1;-1;-1;-1;-1;-1;-1;-1;-1;-1;-1;-1;-1;-1;-1;-1;-1;-1
Panama;-1;-1;-1;-1;-1;88.0717369;-1;-1;-1;-1;-1;-1;-1;-1;-1;88.77985851;-1;-1;-1;-1;-1;-1;-1;-1;-1;91.89961503;-1;-1;-1;-1;-1;-1;-1;-1;-1;94.09412379;94.09412379
Papua New Guinea;-1;-1;-1;-1;-1;-1;-1;-1;-1;-1;-1;-1;-1;-1;-1;-1;-1;-1;-1;-1;-1;-1;-1;-1;-1;57.3432559;-1;-1;-1;-1;-1;-1;-1;-1;-1;-1;62.42167
Paraguay;-1;-1;-1;-1;-1;-1;-1;78.45861285;-1;-1;-1;-1;-1;-1;-1;-1;-1;90.27182487;-1;-1;-1;-1;-1;-1;-1;-1;-1;-1;-1;-1;-1;-1;94.55821823;93.29208399;93.75423788;93.87091509;93.87091509
Peru;-1;-1;-1;-1;-1;-1;81.91846409;-1;-1;-1;-1;-1;-1;-1;-1;-1;-1;-1;87.15063273;-1;-1;-1;-1;-1;-1;-1;-1;-1;-1;87.6698485;87.90867359;88.69934183;89.59081302;-1;-1;-1;89.59081302
Philippines;-1;-1;-1;-1;-1;83.31723259;-1;-1;-1;-1;-1;-1;-1;-1;-1;93.57389552;-1;-1;-1;-1;-1;-1;-1;-1;-1;92.60006358;-1;-1;92.59069009;-1;-1;-1;-1;95.4200993;-1;-1;-1
Poland;-1;-1;-1;98.74274091;-1;-1;-1;-1;-1;-1;-1;-1;-1;-1;-1;-1;-1;-1;-1;99.40273;-1;-1;-1;-1;-1;-1;-1;-1;-1;99.61789;-1;-1;-1;-1;-1;-1;99.73019
Portugal;-1;-1;-1;-1;-1;-1;79.43561066;-1;-1;-1;-1;-1;-1;-1;-1;-1;87.94784765;-1;-1;-1;-1;-1;-1;-1;-1;-1;-1;-1;-1;-1;-1;-1;-1;-1;-1;-1;95.43412
Puerto Rico;-1;-1;-1;-1;-1;86.74605532;-1;-1;-1;-1;-1;-1;-1;-1;-1;89.62250063;-1;-1;-1;-1;-1;-1;-1;-1;-1;-1;-1;-1;-1;90.53578;-1;-1;-1;-1;-1;-1;90.34799
Qatar;-1;-1;-1;-1;-1;-1;-1;-1;-1;-1;-1;75.63504406;-1;-1;-1;-1;-1;-1;-1;-1;-1;-1;83.26215527;-1;-1;-1;-1;-1;-1;88.96238968;-1;-1;93.08274078;93.98973253;94.72428844;96.28373979;93.08274078
Romania;-1;-1;-1;-1;-1;-1;-1;-1;-1;-1;-1;-1;-1;-1;-1;-1;-1;96.70998266;-1;-1;-1;-1;-1;-1;-1;-1;-1;97.29758531;-1;-1;-1;-1;-1;-1;-1;-1;97.70193
Russia;-1;-1;-1;-1;-1;-1;-1;-1;-1;-1;-1;-1;-1;-1;97.98605483;-1;-1;-1;-1;-1;-1;-1;-1;-1;-1;-1;-1;99.44096771;-1;-1;-1;-1;-1;-1;-1;99.6842667;99.6842667
Rwanda;-1;-1;-1;38.2434252;-1;-1;-1;-1;-1;-1;-1;-1;-1;-1;-1;-1;57.85348773;-1;-1;-1;-1;-1;-1;-1;-1;64.88859517;-1;-1;-1;-1;-1;-1;-1;-1;-1;65.85227166;65.85227166
Saint Kitts and Nevis;-1;-1;-1;-1;-1;-1;-1;-1;-1;-1;-1;-1;-1;-1;-1;-1;-1;-1;-1;-1;-1;-1;-1;-1;-1;-1;-1;-1;-1;-1;-1;-1;-1;-1;-1;-1;-1
Saint Lucia;-1;-1;-1;-1;-1;-1;-1;-1;-1;-1;-1;-1;-1;-1;-1;-1;-1;-1;-1;-1;-1;-1;-1;-1;-1;-1;-1;-1;-1;-1;-1;-1;-1;-1;-1;-1;-1
Saint Vincent and the Grenadines;-1;-1;-1;-1;-1;-1;-1;-1;-1;-1;-1;-1;-1;-1;-1;-1;-1;-1;-1;-1;-1;-1;-1;-1;-1;-1;-1;-1;-1;-1;-1;-1;-1;-1;-1;-1;-1
Samoa;-1;-1;-1;-1;-1;-1;-1;-1;-1;-1;-1;-1;-1;-1;-1;-1;97.9443299;-1;-1;-1;-1;-1;-1;-1;-1;-1;-1;-1;-1;98.55447;-1;-1;-1;-1;-1;-1;98.83078
San Marino;-1;-1;-1;-1;-1;-1;-1;-1;-1;-1;-1;-1;-1;-1;-1;-1;-1;-1;-1;-1;-1;-1;-1;-1;-1;-1;-1;-1;-1;-1;-1;-1;-1;-1;-1;-1;-1
Sao Tome and Principe;-1;-1;-1;-1;-1;-1;57.32426216;-1;-1;-1;-1;-1;-1;-1;-1;-1;73.24241599;-1;-1;-1;-1;-1;-1;-1;-1;-1;84.90851353;-1;-1;-1;-1;-1;-1;69.53638509;-1;-1;69.53638509
Saudi Arabia;-1;-1;-1;-1;-1;-1;-1;-1;-1;-1;-1;-1;-1;-1;-1;-1;-1;70.82164992;-1;-1;-1;-1;-1;-1;-1;79.35094415;-1;-1;-1;82.85774184;-1;-1;-1;-1;-1;-1;87.15616
Senegal;-1;-1;-1;-1;-1;-1;-1;-1;-1;-1;-1;-1;-1;26.86885372;-1;-1;-1;-1;-1;-1;-1;-1;-1;-1;-1;-1;-1;39.27524619;-1;-1;-1;41.89115164;-1;-1;49.69512652;-1;49.69512652
Serbia;-1;-1;-1;-1;-1;-1;-1;-1;-1;-1;-1;-1;-1;-1;-1;-1;-1;-1;-1;-1;-1;-1;-1;-1;-1;-1;-1;-1;-1;-1;-1;-1;-1;-1;-1;-1;98.01291
Seychelles;-1;-1;-1;-1;-1;-1;-1;-1;-1;-1;-1;-1;84.22921568;-1;-1;-1;-1;-1;-1;87.81115037;-1;-1;-1;-1;-1;-1;-1;91.83646335;-1;-1;-1;-1;-1;-1;-1;-1;91.83646335
Sierra Leone;-1;-1;-1;-1;-1;-1;-1;-1;-1;-1;-1;-1;-1;-1;-1;-1;-1;-1;-1;-1;-1;-1;-1;-1;-1;-1;-1;-1;-1;34.82679013;-1;-1;-1;-1;-1;-1;43.2831
Singapore;-1;-1;-1;-1;-1;82.90605183;-1;-1;-1;-1;-1;-1;-1;-1;-1;89.09599671;-1;-1;-1;-1;-1;-1;-1;-1;-1;92.54939909;-1;-1;-1;-1;-1;-1;-1;-1;-1;95.85732781;-1
Slovak Republic;-1;-1;-1;-1;-1;-1;-1;-1;-1;-1;-1;-1;-1;-1;-1;-1;-1;-1;-1;-1;-1;-1;-1;-1;-1;-1;-1;-1;-1;-1;-1;-1;-1;-1;-1;-1;99.6
Slovenia;-1;-1;-1;-1;-1;-1;-1;-1;-1;-1;-1;-1;-1;-1;-1;-1;99.52451667;-1;-1;-1;-1;-1;-1;-1;-1;-1;-1;-1;-1;99.65247;-1;-1;-1;-1;-1;-1;99.69498
Solomon Islands;-1;-1;-1;-1;-1;-1;-1;-1;-1;-1;-1;-1;-1;-1;-1;-1;-1;-1;-1;-1;-1;-1;-1;-1;-1;-1;-1;-1;-1;-1;-1;-1;-1;-1;-1;-1;-1
Somalia;-1;-1;-1;-1;-1;-1;-1;-1;-1;-1;-1;-1;-1;-1;-1;-1;-1;-1;-1;-1;-1;-1;-1;-1;-1;-1;-1;-1;-1;-1;-1;-1;-1;-1;-1;-1;37.8
South Africa;-1;-1;-1;-1;-1;76.20049065;-1;-1;-1;-1;-1;-1;-1;-1;-1;-1;-1;-1;-1;-1;-1;82.40210237;-1;-1;-1;-1;-1;-1;-1;-1;-1;-1;88.71725067;-1;-1;-1;92.98314017
Spain;-1;-1;-1;-1;-1;-1;92.80976506;-1;-1;-1;-1;-1;-1;-1;-1;-1;96.49497052;-1;-1;-1;-1;-1;-1;-1;-1;-1;-1;-1;-1;-1;97.75069178;-1;97.93884242;97.63060774;97.67926561;97.74889615;97.74889615
Sri Lanka;-1;-1;-1;-1;-1;-1;86.77792201;-1;-1;-1;-1;-1;-1;-1;-1;-1;-1;-1;-1;-1;-1;-1;-1;-1;-1;-1;90.68275459;-1;-1;-1;-1;90.80882594;-1;90.55795051;-1;91.18135934;91.18135934
Sudan;-1;-1;-1;-1;-1;-1;-1;-1;-1;-1;-1;-1;-1;-1;-1;-1;-1;-1;-1;-1;-1;-1;-1;-1;-1;61.34587311;-1;-1;-1;-1;-1;-1;-1;-1;-1;-1;71.93777
Suriname;-1;-1;-1;-1;-1;-1;-1;-1;-1;-1;-1;-1;-1;-1;-1;-1;-1;-1;-1;-1;-1;-1;-1;-1;-1;-1;-1;-1;-1;89.59805762;-1;-1;-1;94.62093774;-1;94.67575059;94.67575059
Swaziland;-1;55.32503727;-1;-1;-1;-1;-1;-1;-1;-1;-1;67.23938115;-1;-1;-1;-1;-1;-1;-1;-1;-1;-1;-1;-1;-1;81.66070182;-1;-1;-1;-1;-1;-1;-1;-1;-1;-1;87.8443
Sweden;-1;-1;-1;-1;-1;-1;-1;-1;-1;-1;-1;-1;-1;-1;-1;-1;-1;-1;-1;-1;-1;-1;-1;-1;-1;-1;-1;-1;-1;-1;-1;-1;-1;-1;-1;-1;99.0
Switzerland;-1;-1;-1;-1;-1;-1;-1;-1;-1;-1;-1;-1;-1;-1;-1;-1;-1;-1;-1;-1;-1;-1;-1;-1;-1;-1;-1;-1;-1;-1;-1;-1;-1;-1;-1;-1;99.0
Syria;-1;-1;-1;-1;-1;-1;55.65450081;-1;-1;-1;-1;-1;-1;-1;-1;-1;-1;-1;-1;-1;-1;-1;-1;-1;-1;-1;-1;82.88825153;-1;80.84451928;-1;-1;-1;-1;-1;-1;84.05794
Tajikistan;-1;-1;-1;-1;-1;-1;-1;-1;-1;-1;-1;-1;-1;-1;97.69402291;-1;-1;-1;-1;-1;-1;-1;-1;-1;-1;99.45124826;-1;-1;-1;-1;-1;-1;-1;-1;-1;-1;99.70706
Tanzania;-1;-1;-1;-1;-1;-1;-1;-1;-1;-1;-1;-1;-1;59.11380352;-1;-1;-1;-1;-1;-1;-1;-1;-1;-1;-1;-1;-1;69.43090038;-1;-1;-1;-1;-1;-1;-1;67.80070096;67.80070096
Thailand;-1;-1;-1;-1;-1;87.98176042;-1;-1;-1;-1;-1;-1;-1;-1;-1;-1;-1;-1;-1;-1;-1;-1;-1;-1;-1;92.64654423;-1;-1;-1;-1;93.50647575;-1;-1;-1;-1;-1;93.50647575
Timor-Leste;-1;-1;-1;-1;-1;-1;-1;-1;-1;-1;-1;-1;-1;-1;-1;-1;-1;-1;-1;-1;-1;-1;-1;-1;-1;-1;37.6;-1;-1;-1;-1;-1;50.6;-1;-1;58.3089828;-1
Togo;-1;-1;-1;-1;-1;-1;-1;-1;-1;-1;-1;-1;-1;-1;-1;-1;-1;-1;-1;-1;-1;-1;-1;-1;-1;53.1775995;-1;-1;-1;-1;-1;56.8883677;-1;-1;57.09337923;-1;60.40994467
Tokelau;-1;-1;-1;-1;-1;-1;-1;-1;-1;-1;-1;-1;-1;-1;-1;-1;-1;-1;-1;-1;-1;-1;-1;-1;-1;-1;-1;-1;-1;-1;-1;-1;-1;-1;-1;-1;-1
Tonga;-1;99.59245833;-1;-1;-1;-1;-1;-1;-1;-1;-1;-1;-1;-1;-1;-1;-1;-1;-1;-1;-1;98.90537331;-1;-1;-1;-1;-1;-1;-1;-1;-1;99.01845558;-1;-1;-1;-1;-1
Trinidad and Tobago;-1;-1;-1;-1;-1;94.97031903;-1;-1;-1;-1;-1;-1;-1;-1;-1;96.93855267;-1;-1;-1;-1;-1;-1;-1;-1;-1;-1;-1;-1;-1;98.38787;-1;-1;-1;-1;-1;-1;98.83491
Tunisia;-1;-1;-1;-1;-1;-1;-1;-1;-1;48.19070196;-1;-1;-1;-1;-1;-1;-1;-1;-1;59.23281;-1;-1;-1;-1;-1;-1;-1;-1;-1;74.29699538;-1;-1;77.19040215;77.56113139;-1;79.13057625;-1
Turkey;61.62768343;-1;-1;-1;-1;65.69433989;-1;-1;-1;-1;75.96824056;-1;-1;-1;-1;79.23245261;-1;-1;-1;-1;-1;-1;-1;-1;-1;-1;-1;-1;-1;87.36548905;88.2290562;88.11938681;88.65589759;-1;90.81672065;92.66059985;94.1060912
Turkmenistan;-1;-1;-1;-1;-1;-1;-1;-1;-1;-1;-1;-1;-1;-1;-1;-1;-1;-1;-1;-1;98.77831676;-1;-1;-1;-1;-1;-1;-1;-1;-1;-1;-1;-1;-1;-1;-1;99.60858
Turks and Caicos Islands;-1;-1;-1;-1;-1;-1;-1;-1;-1;-1;-1;-1;-1;-1;-1;-1;-1;-1;-1;-1;-1;-1;-1;-1;-1;-1;-1;-1;-1;-1;-1;-1;-1;-1;-1;-1;-1
Tuvalu;-1;-1;-1;-1;-1;-1;-1;-1;-1;-1;-1;-1;-1;-1;-1;-1;-1;-1;-1;-1;-1;-1;-1;-1;-1;-1;-1;-1;-1;-1;-1;-1;-1;-1;-1;-1;-1
Uganda;-1;-1;-1;-1;-1;-1;-1;-1;-1;-1;-1;-1;-1;-1;-1;-1;56.10738185;-1;-1;-1;-1;-1;-1;-1;-1;-1;-1;68.1425103;-1;-1;-1;71.37314464;-1;-1;-1;73.21187991;73.21187991
Ukraine;-1;-1;-1;-1;-1;-1;-1;-1;-1;-1;-1;-1;-1;-1;-1;-1;-1;-1;-1;-1;-1;-1;-1;-1;-1;-1;99.43041041;-1;-1;-1;-1;-1;-1;-1;-1;-1;99.71874
United Arab Emirates;53.51487935;-1;-1;-1;-1;-1;-1;-1;-1;-1;71.23529682;-1;-1;-1;-1;-1;-1;-1;-1;-1;-1;-1;-1;-1;-1;-1;-1;-1;-1;-1;90.03384502;-1;-1;-1;-1;-1;90.03384502
United Kingdom;-1;-1;-1;-1;-1;-1;-1;-1;-1;-1;-1;-1;-1;-1;-1;-1;-1;-1;-1;-1;-1;-1;-1;-1;-1;-1;-1;-1;-1;-1;-1;-1;-1;-1;-1;-1;97.9
United States;-1;-1;-1;-1;-1;-1;-1;-1;-1;-1;-1;-1;-1;-1;-1;-1;-1;-1;-1;-1;-1;-1;-1;-1;-1;-1;-1;-1;-1;-1;-1;-1;-1;-1;-1;-1;97.9
Uruguay;93.86107419;-1;-1;-1;-1;-1;-1;-1;-1;-1;95.37997554;-1;-1;-1;-1;-1;-1;-1;-1;-1;-1;96.7818093;-1;-1;-1;-1;-1;-1;-1;-1;-1;97.78963211;97.86389135;98.16356073;98.26789838;98.07270629;-1
Uzbekistan;-1;-1;-1;-1;-1;-1;-1;-1;-1;-1;-1;-1;-1;-1;-1;-1;-1;-1;-1;-1;-1;-1;-1;-1;-1;98.64258347;-1;-1;-1;-1;-1;-1;-1;-1;-1;-1;99.43299
Vanuatu;-1;-1;-1;-1;52.87392248;-1;-1;-1;-1;-1;-1;-1;-1;-1;-1;-1;-1;-1;-1;68.44709;-1;-1;-1;-1;74;-1;-1;-1;-1;78.12244;-1;-1;-1;-1;-1;-1;83.22246
Venezuela;-1;-1;-1;-1;-1;-1;84.73220459;-1;-1;-1;-1;-1;-1;-1;-1;89.82525312;-1;-1;-1;-1;-1;-1;-1;-1;-1;-1;92.97983326;-1;-1;-1;-1;-1;95.15463963;-1;95.51199392;-1;-1
West Bank and Gaza;-1;-1;-1;-1;-1;-1;-1;-1;-1;-1;-1;-1;-1;-1;-1;-1;-1;-1;-1;-1;-1;-1;86.0628856;-1;-1;-1;-1;-1;-1;92.27997417;-1;93.44996616;93.88213545;94.05865254;94.59916759;94.9320113;95.26724225
Vietnam;-1;-1;-1;-1;83.82593952;-1;-1;-1;-1;-1;-1;-1;-1;-1;87.59645062;-1;-1;-1;-1;-1;-1;-1;-1;-1;90.27829948;90.15612936;-1;-1;-1;-1;-1;-1;-1;-1;-1;-1;93.35947
Yemen. Rep.;-1;-1;-1;-1;-1;-1;-1;-1;-1;-1;-1;-1;-1;-1;-1;-1;-1;-1;-1;37.09000403;-1;-1;-1;-1;-1;-1;-1;-1;-1;54.74552;-1;-1;-1;-1;-1;-1;65.26195
Zambia;-1;-1;-1;-1;-1;-1;-1;-1;-1;-1;-1;-1;-1;-1;-1;64.99826421;-1;-1;-1;-1;-1;-1;-1;-1;68.00179121;-1;-1;69.14921813;-1;-1;-1;-1;61.4282878;-1;-1;-1;61.4282878
Zimbabwe;-1;-1;-1;-1;-1;-1;-1;77.79416632;-1;-1;-1;-1;-1;-1;-1;-1;-1;83.51257977;-1;-1;-1;-1;-1;-1;-1;-1;-1;-1;-1;-1;-1;-1;-1;-1;-1;-1;83.58271445
Abkhazia;-1;-1;-1;-1;-1;-1;-1;-1;-1;-1;-1;-1;-1;-1;-1;-1;-1;-1;-1;-1;-1;-1;-1;-1;-1;-1;-1;-1;-1;-1;-1;-1;-1;-1;-1;-1;-1
Akrotiri and Dhekelia;-1;-1;-1;-1;-1;-1;-1;-1;-1;-1;-1;-1;-1;-1;-1;-1;-1;-1;-1;-1;-1;-1;-1;-1;-1;-1;-1;-1;-1;-1;-1;-1;-1;-1;-1;-1;-1
American Samoa;-1;-1;-1;-1;-1;-1;-1;-1;-1;-1;-1;-1;-1;-1;-1;-1;-1;-1;-1;-1;-1;-1;-1;-1;-1;-1;-1;-1;-1;-1;-1;-1;-1;-1;-1;-1;-1
Channel Islands;-1;-1;-1;-1;-1;-1;-1;-1;-1;-1;-1;-1;-1;-1;-1;-1;-1;-1;-1;-1;-1;-1;-1;-1;-1;-1;-1;-1;-1;-1;-1;-1;-1;-1;-1;-1;-1
Christmas Island;-1;-1;-1;-1;-1;-1;-1;-1;-1;-1;-1;-1;-1;-1;-1;-1;-1;-1;-1;-1;-1;-1;-1;-1;-1;-1;-1;-1;-1;-1;-1;-1;-1;-1;-1;-1;-1
Cocos Island;-1;-1;-1;-1;-1;-1;-1;-1;-1;-1;-1;-1;-1;-1;-1;-1;-1;-1;-1;-1;-1;-1;-1;-1;-1;-1;-1;-1;-1;-1;-1;-1;-1;-1;-1;-1;-1
Czechoslovakia;-1;-1;-1;-1;-1;-1;-1;-1;-1;-1;-1;-1;-1;-1;-1;-1;-1;-1;-1;-1;-1;-1;-1;-1;-1;-1;-1;-1;-1;-1;-1;-1;-1;-1;-1;-1;-1
East Germany;-1;-1;-1;-1;-1;-1;-1;-1;-1;-1;-1;-1;-1;-1;-1;-1;-1;-1;-1;-1;-1;-1;-1;-1;-1;-1;-1;-1;-1;-1;-1;-1;-1;-1;-1;-1;-1
Eritrea and Ethiopia;-1;-1;-1;-1;-1;-1;-1;-1;-1;-1;-1;-1;-1;-1;-1;-1;-1;-1;-1;-1;-1;-1;-1;-1;-1;-1;-1;-1;-1;-1;-1;-1;-1;-1;-1;-1;-1
Faeroe Islands;-1;-1;-1;-1;-1;-1;-1;-1;-1;-1;-1;-1;-1;-1;-1;-1;-1;-1;-1;-1;-1;-1;-1;-1;-1;-1;-1;-1;-1;-1;-1;-1;-1;-1;-1;-1;-1
Falkland Islands (Malvinas);-1;-1;-1;-1;-1;-1;-1;-1;-1;-1;-1;-1;-1;-1;-1;-1;-1;-1;-1;-1;-1;-1;-1;-1;-1;-1;-1;-1;-1;-1;-1;-1;-1;-1;-1;-1;-1
French Guiana;-1;-1;-1;-1;-1;-1;-1;-1;-1;-1;-1;-1;-1;-1;-1;-1;-1;-1;-1;-1;-1;-1;-1;-1;-1;-1;-1;-1;-1;-1;-1;-1;-1;-1;-1;-1;-1
French Polynesia;-1;-1;-1;-1;-1;-1;-1;-1;-1;-1;-1;-1;-1;-1;-1;-1;-1;-1;-1;-1;-1;-1;-1;-1;-1;-1;-1;-1;-1;-1;-1;-1;-1;-1;-1;-1;-1
Greenland;-1;-1;-1;-1;-1;-1;-1;-1;-1;-1;-1;-1;-1;-1;-1;-1;-1;-1;-1;-1;-1;-1;-1;-1;-1;-1;-1;-1;-1;-1;-1;-1;-1;-1;-1;-1;-1
Guadeloupe;-1;-1;-1;-1;-1;-1;-1;-1;-1;-1;-1;-1;-1;-1;-1;-1;-1;-1;-1;-1;-1;-1;-1;-1;-1;-1;-1;-1;-1;-1;-1;-1;-1;-1;-1;-1;-1
Guam;-1;-1;-1;-1;-1;-1;-1;-1;-1;-1;-1;-1;-1;-1;-1;-1;-1;-1;-1;-1;-1;-1;-1;-1;-1;-1;-1;-1;-1;-1;-1;-1;-1;-1;-1;-1;-1
Guernsey;-1;-1;-1;-1;-1;-1;-1;-1;-1;-1;-1;-1;-1;-1;-1;-1;-1;-1;-1;-1;-1;-1;-1;-1;-1;-1;-1;-1;-1;-1;-1;-1;-1;-1;-1;-1;-1
Isle of Man;-1;-1;-1;-1;-1;-1;-1;-1;-1;-1;-1;-1;-1;-1;-1;-1;-1;-1;-1;-1;-1;-1;-1;-1;-1;-1;-1;-1;-1;-1;-1;-1;-1;-1;-1;-1;-1
Jersey;-1;-1;-1;-1;-1;-1;-1;-1;-1;-1;-1;-1;-1;-1;-1;-1;-1;-1;-1;-1;-1;-1;-1;-1;-1;-1;-1;-1;-1;-1;-1;-1;-1;-1;-1;-1;-1
Korea. United;-1;-1;-1;-1;-1;-1;-1;-1;-1;-1;-1;-1;-1;-1;-1;-1;-1;-1;-1;-1;-1;-1;-1;-1;-1;-1;-1;-1;-1;-1;-1;-1;-1;-1;-1;-1;-1
Kosovo;-1;-1;-1;-1;-1;-1;-1;-1;-1;-1;-1;-1;-1;-1;-1;-1;-1;-1;-1;-1;-1;-1;-1;-1;-1;-1;-1;-1;-1;-1;-1;-1;-1;-1;-1;-1;-1
Martinique;-1;-1;-1;-1;-1;-1;-1;-1;-1;-1;-1;-1;-1;-1;-1;-1;-1;-1;-1;-1;-1;-1;-1;-1;-1;-1;-1;-1;-1;-1;-1;-1;-1;-1;-1;-1;-1
Mayotte;-1;-1;-1;-1;-1;-1;-1;-1;-1;-1;-1;-1;-1;-1;-1;-1;-1;-1;-1;-1;-1;-1;-1;-1;-1;-1;-1;-1;-1;-1;-1;-1;-1;-1;-1;-1;-1
New Caledonia;-1;-1;-1;-1;-1;-1;-1;-1;-1;-1;-1;-1;-1;-1;-1;-1;-1;-1;-1;-1;-1;-1;-1;-1;-1;-1;-1;-1;-1;-1;-1;-1;-1;-1;-1;-1;-1
Ngorno-Karabakh;-1;-1;-1;-1;-1;-1;-1;-1;-1;-1;-1;-1;-1;-1;-1;-1;-1;-1;-1;-1;-1;-1;-1;-1;-1;-1;-1;-1;-1;-1;-1;-1;-1;-1;-1;-1;-1
Norfolk Island;-1;-1;-1;-1;-1;-1;-1;-1;-1;-1;-1;-1;-1;-1;-1;-1;-1;-1;-1;-1;-1;-1;-1;-1;-1;-1;-1;-1;-1;-1;-1;-1;-1;-1;-1;-1;-1
Northern Cyprus;-1;-1;-1;-1;-1;-1;-1;-1;-1;-1;-1;-1;-1;-1;-1;-1;-1;-1;-1;-1;-1;-1;-1;-1;-1;-1;-1;-1;-1;-1;-1;-1;-1;-1;-1;-1;-1
Northern Mariana Islands;-1;-1;-1;-1;-1;-1;-1;-1;-1;-1;-1;-1;-1;-1;-1;-1;-1;-1;-1;-1;-1;-1;-1;-1;-1;-1;-1;-1;-1;-1;-1;-1;-1;-1;-1;-1;-1
Pitcairn;-1;-1;-1;-1;-1;-1;-1;-1;-1;-1;-1;-1;-1;-1;-1;-1;-1;-1;-1;-1;-1;-1;-1;-1;-1;-1;-1;-1;-1;-1;-1;-1;-1;-1;-1;-1;-1
Reunion;-1;-1;-1;-1;-1;-1;-1;-1;-1;-1;-1;-1;-1;-1;-1;-1;-1;-1;-1;-1;-1;-1;-1;-1;-1;-1;-1;-1;-1;-1;-1;-1;-1;-1;-1;-1;-1
Saint Barthélemy;-1;-1;-1;-1;-1;-1;-1;-1;-1;-1;-1;-1;-1;-1;-1;-1;-1;-1;-1;-1;-1;-1;-1;-1;-1;-1;-1;-1;-1;-1;-1;-1;-1;-1;-1;-1;-1
Saint Helena;-1;-1;-1;-1;-1;-1;-1;-1;-1;-1;-1;-1;-1;-1;-1;-1;-1;-1;-1;-1;-1;-1;-1;-1;-1;-1;-1;-1;-1;-1;-1;-1;-1;-1;-1;-1;-1
Saint Martin;-1;-1;-1;-1;-1;-1;-1;-1;-1;-1;-1;-1;-1;-1;-1;-1;-1;-1;-1;-1;-1;-1;-1;-1;-1;-1;-1;-1;-1;-1;-1;-1;-1;-1;-1;-1;-1
Saint-Pierre-et-Miquelon;-1;-1;-1;-1;-1;-1;-1;-1;-1;-1;-1;-1;-1;-1;-1;-1;-1;-1;-1;-1;-1;-1;-1;-1;-1;-1;-1;-1;-1;-1;-1;-1;-1;-1;-1;-1;-1
Serbia and Montenegro;-1;-1;-1;-1;-1;-1;-1;-1;-1;-1;-1;-1;-1;-1;-1;-1;-1;-1;-1;-1;-1;-1;-1;-1;-1;-1;-1;-1;-1;-1;-1;-1;-1;-1;-1;-1;-1
Serbia excluding Kosovo;-1;-1;-1;-1;-1;-1;-1;-1;-1;-1;-1;-1;-1;-1;-1;-1;-1;-1;-1;-1;-1;-1;-1;-1;-1;-1;-1;-1;-1;-1;-1;-1;-1;-1;-1;-1;-1
Somaliland;-1;-1;-1;-1;-1;-1;-1;-1;-1;-1;-1;-1;-1;-1;-1;-1;-1;-1;-1;-1;-1;-1;-1;-1;-1;-1;-1;-1;-1;-1;-1;-1;-1;-1;-1;-1;-1
South Ossetia;-1;-1;-1;-1;-1;-1;-1;-1;-1;-1;-1;-1;-1;-1;-1;-1;-1;-1;-1;-1;-1;-1;-1;-1;-1;-1;-1;-1;-1;-1;-1;-1;-1;-1;-1;-1;-1
South Sudan;-1;-1;-1;-1;-1;-1;-1;-1;-1;-1;-1;-1;-1;-1;-1;-1;-1;-1;-1;-1;-1;-1;-1;-1;-1;-1;-1;-1;-1;-1;-1;-1;-1;-1;-1;-1;-1
Svalbard;-1;-1;-1;-1;-1;-1;-1;-1;-1;-1;-1;-1;-1;-1;-1;-1;-1;-1;-1;-1;-1;-1;-1;-1;-1;-1;-1;-1;-1;-1;-1;-1;-1;-1;-1;-1;-1
Taiwan;-1;-1;-1;-1;-1;-1;-1;-1;-1;-1;-1;-1;-1;-1;-1;-1;-1;-1;-1;-1;-1;-1;-1;-1;-1;-1;-1;-1;-1;-1;-1;-1;-1;-1;-1;-1;-1
Transnistria;-1;-1;-1;-1;-1;-1;-1;-1;-1;-1;-1;-1;-1;-1;-1;-1;-1;-1;-1;-1;-1;-1;-1;-1;-1;-1;-1;-1;-1;-1;-1;-1;-1;-1;-1;-1;-1
USSR;-1;-1;-1;-1;-1;-1;-1;-1;-1;-1;-1;-1;-1;-1;-1;-1;-1;-1;-1;-1;-1;-1;-1;-1;-1;-1;-1;-1;-1;-1;-1;-1;-1;-1;-1;-1;-1
Wallis et Futuna;-1;-1;-1;-1;-1;-1;-1;-1;-1;-1;-1;-1;-1;-1;-1;-1;-1;-1;-1;-1;-1;-1;-1;-1;-1;-1;-1;-1;-1;-1;-1;-1;-1;-1;-1;-1;-1
West Germany;-1;-1;-1;-1;-1;-1;-1;-1;-1;-1;-1;-1;-1;-1;-1;-1;-1;-1;-1;-1;-1;-1;-1;-1;-1;-1;-1;-1;-1;-1;-1;-1;-1;-1;-1;-1;-1
Western Sahara;-1;-1;-1;-1;-1;-1;-1;-1;-1;-1;-1;-1;-1;-1;-1;-1;-1;-1;-1;-1;-1;-1;-1;-1;-1;-1;-1;-1;-1;-1;-1;-1;-1;-1;-1;-1;-1
Virgin Islands (U.S.);-1;-1;-1;-1;-1;-1;-1;-1;-1;-1;-1;-1;-1;-1;-1;-1;-1;-1;-1;-1;-1;-1;-1;-1;-1;-1;-1;-1;-1;-1;-1;-1;-1;-1;-1;-1;-1
Yemen Arab Republic (Former);-1;-1;-1;-1;-1;-1;-1;-1;-1;-1;-1;-1;-1;-1;-1;-1;-1;-1;-1;-1;-1;-1;-1;-1;-1;-1;-1;-1;-1;-1;-1;-1;-1;-1;-1;-1;-1
Yemen Democratic (Former);-1;-1;-1;-1;-1;-1;-1;-1;-1;-1;-1;-1;-1;-1;-1;-1;-1;-1;-1;-1;-1;-1;-1;-1;-1;-1;-1;-1;-1;-1;-1;-1;-1;-1;-1;-1;-1
Yugoslavia;-1;-1;-1;-1;-1;-1;-1;-1;-1;-1;-1;-1;-1;-1;-1;-1;-1;-1;-1;-1;-1;-1;-1;-1;-1;-1;-1;-1;-1;-1;-1;-1;-1;-1;-1;-1;-1
Åland;-1;-1;-1;-1;-1;-1;-1;-1;-1;-1;-1;-1;-1;-1;-1;-1;-1;-1;-1;-1;-1;-1;-1;-1;-1;-1;-1;-1;-1;-1;-1;-1;-1;-1;-1;-1;-1
